1,Arjun,kumar,Sharma,101,"101,park road",Hyderabad,TS,India,500001,9123456780,arjun.sharma@gmail.com,2025-04-08,NULL
2,Anjali,rani,Verma,102,"202,mg road",Pune,MH,India,411001,9223456781,anjali.verma@gmail.com,2025-04-08,NULL
3,Ravi,NULL,Patel,103,"303,vv street",Ahmedabad,GJ,India,380001,9323456782,ravi.patel@gmail.com,2025-04-08,NULL
4,Kavya,lakshmi,Menon,104,"404,main road",Kochi,KL,India,682001,9423456783,kavya.menon@gmail.com,2025-04-08,NULL
5,Rahul,raj,Singh,105,"505,cross road",Jaipur,RJ,India,302001,9523456784,rahul.singh@gmail.com,2025-04-08,NULL
6,Priya,deepa,Nair,106,"606,beach road",Trivandrum,KL,India,695001,9623456785,priya.nair@gmail.com,2025-04-08,NULL
7,Ajay,krishna,Das,107,"707,circular road",Kolkata,WB,India,700001,9723456786,ajay.das@gmail.com,2025-04-08,NULL
8,Swathi,vidya,Rao,108,"808,railway road",Vizag,AP,India,530001,9823456787,swathi.rao@gmail.com,2025-04-08,NULL
9,Ramesh,babu,Naik,109,"909,old street",Chennai,TN,India,600001,9923456788,ramesh.naik@gmail.com,2025-04-08,NULL
10,Pooja,madhavi,Joshi,110,"110,new street",Delhi,DL,India,110001,9023456789,pooja.joshi@gmail.com,2025-04-08,NULL
11,Vikas,santosh,Pandey,111,"111,mount road",Indore,MP,India,452001,9123456790,vikas.pandey@gmail.com,2025-04-08,NULL
12,Shreya,sneha,Bose,112,"112,central road",Bhopal,MP,India,462001,9223456791,shreya.bose@gmail.com,2025-04-08,NULL
13,Naveen,NULL,Gupta,113,"113,racecourse road",Surat,GJ,India,395001,9323456792,naveen.gupta@gmail.com,2025-04-08,NULL
14,Aditi,rupa,Reddy,114,"114,jubliee road",Warangal,TS,India,506001,9423456793,aditi.reddy@gmail.com,2025-04-08,NULL
15,Manoj,kumar,Bhatia,115,"115,ring road",Ranchi,JH,India,834001,9523456794,manoj.bhatia@gmail.com,2025-04-08,NULL
16,Snehal,nisha,Paul,116,"116,garden road",Guwahati,AS,India,781001,9623456795,snehal.paul@gmail.com,2025-04-08,NULL
17,Arun,rajesh,Varma,117,"117,forest road",Nagpur,MH,India,440001,9723456796,arun.varma@gmail.com,2025-04-08,NULL
18,Sanjana,megha,Roy,118,"118,lake road",Patna,BR,India,800001,9823456797,sanjana.roy@gmail.com,2025-04-08,NULL
19,Rohit,kumar,Jain,119,"119,river road",Lucknow,UP,India,226001,9923456798,rohit.jain@gmail.com,2025-04-08,NULL
20,Ananya,preeti,Mishra,120,"120,hill road",Kanpur,UP,India,208001,9023456799,ananya.mishra@gmail.com,2025-04-08,NULL
21,Hari,om,Khan,121,"121,valley road",Dehradun,UK,India,248001,9123456701,hari.khan@gmail.com,2025-04-08,NULL
22,Gayathri,latha,Shah,122,"122,cloud road",Shimla,HP,India,171001,9223456702,gayathri.shah@gmail.com,2025-04-08,NULL
23,Deepak,nilesh,Kapoor,123,"123,city road",Mumbai,MH,India,400001,9323456703,deepak.kapoor@gmail.com,2025-04-08,NULL
24,Bhavana,rashmi,Iyer,124,"124,sunset road",Pondicherry,PY,India,605001,9423456704,bhavana.iyer@gmail.com,2025-04-08,NULL
25,Vivek,suresh,Tripathi,125,"125,sunrise road",Agra,UP,India,282001,9523456705,vivek.tripathi@gmail.com,2025-04-08,NULL
26,Asha,siri,Murthy,126,"126,moonlight road",Mysore,KA,India,570001,9623456706,asha.murthy@gmail.com,2025-04-08,NULL
27,Akash,ravi,Agarwal,127,"127,star road",Nashik,MH,India,422001,9723456707,akash.agarwal@gmail.com,2025-04-08,NULL
28,Meera,nalini,Desai,128,"128,starlight road",Dharwad,KA,India,580001,9823456708,meera.desai@gmail.com,2025-04-08,NULL
29,Rajesh,ram,Venkatesh,129,"129,palm road",Hubbali,KA,India,580032,9923456709,rajesh.venkatesh@gmail.com,2025-04-08,NULL
30,Vidya,kruthi,Chatterjee,130,"130,mango road",Siliguri,WB,India,734001,9023456710,vidya.chatterjee@gmail.com,2025-04-08,NULL
31,Aditya,sunil,Chauhan,131,"131,coconut road",Shillong,ML,India,793001,9123456711,aditya.chauhan@gmail.com,2025-04-08,NULL
32,Lekha,deepa,Nambiar,132,"132,banana road",Aizawl,MZ,India,796001,9223456712,lekha.nambiar@gmail.com,2025-04-08,NULL
33,Tarun,vivek,Sharma,133,"133,peach road",Kohima,NL,India,797001,9323456713,tarun.sharma@gmail.com,2025-04-08,NULL
34,Ritika,manju,Yadav,134,"134,pear road",Imphal,MN,India,795001,9423456714,ritika.yadav@gmail.com,2025-04-08,NULL
35,Kiran,raj,Patil,135,"135,pineapple road",Panaji,GA,India,403001,9523456715,kiran.patil@gmail.com,2025-04-08,NULL
36,Vani,subha,Chandra,136,"136,orange road",Srinagar,JK,India,190001,9623456716,vani.chandra@gmail.com,2025-04-08,NULL
37,Mohan,vishal,Naidu,137,"137,apple road",Jammu,JK,India,180001,9723456717,mohan.naidu@gmail.com,2025-04-08,NULL
38,Sheetal,priya,Shetty,138,"138,grape road",Amritsar,PB,India,143001,9823456718,sheetal.shetty@gmail.com,2025-04-08,NULL
39,Suraj,sanjay,Rathore,139,"139,berry road",Chandigarh,CH,India,160001,9923456719,suraj.rathore@gmail.com,2025-04-08,NULL
40,Shilpa,rama,Mohanty,140,"140,plum road",Bhubaneshwar,OD,India,751001,9023456720,shilpa.mohanty@gmail.com,2025-04-08,NULL
41,Nikhil,karthik,Mehta,141,"141,jackfruit road",Cuttack,OD,India,753001,9123456721,nikhil.mehta@gmail.com,2025-04-08,NULL
42,Divya,krupa,Ram,142,"142,fig road",Jabalpur,MP,India,482002,9223456722,divya.ram@gmail.com,2025-04-08,NULL
43,Karthik,rakesh,Ghosh,143,"143,dates road",Bareilly,UP,India,243001,9323456723,karthik.ghosh@gmail.com,2025-04-08,NULL
44,Lakshmi,rekha,Batra,144,"144,olive road",Varanasi,UP,India,221001,9423456724,lakshmi.batra@gmail.com,2025-04-08,NULL
45,Raj,arun,Swamy,145,"145,pomegranate road",Ujjain,MP,India,456001,9523456725,raj.swamy@gmail.com,2025-04-08,NULL
46,Niveditha,sindhu,Dasgupta,146,"146,lemon road",Ajmer,RJ,India,305001,9623456726,niveditha.dasgupta@gmail.com,2025-04-08,NULL
47,Tejas,anil,Chakraborty,147,"147,lime road",Gwalior,MP,India,474001,9723456727,tejas.chakraborty@gmail.com,2025-04-08,NULL
48,Akshay,siddharth,Rao,148,"148,pearl road",Meerut,UP,India,250001,9823456728,akshay.rao@gmail.com,2025-04-08,NULL
49,Pallavi,anusha,Khurana,149,"149,emerald road",Bikaner,RJ,India,334001,9923456729,pallavi.khurana@gmail.com,2025-04-08,NULL
50,Nandini,avni,Dutta,150,"150,garnet road",Rajkot,GJ,India,360001,9023456730,nandini.dutta@gmail.com,2025-04-08,NULL
51,Arjun,kumar,Sharma,101,"101,park road",Hyderabad,TS,India,500001,9123456780,arjun.sharma@gmail.com,2025-04-08,NULL
52,Anjali,rani,Verma,102,"202,mg road",Pune,MH,India,411001,9223456781,anjali.verma@gmail.com,2025-04-08,NULL
53,Ravi,NULL,Patel,103,"303,vv street",Ahmedabad,GJ,India,380001,9323456782,ravi.patel@gmail.com,2025-04-08,NULL
54,Kavya,lakshmi,Menon,104,"404,main road",Kochi,KL,India,682001,9423456783,kavya.menon@gmail.com,2025-04-08,NULL
55,Rahul,raj,Singh,105,"505,cross road",Jaipur,RJ,India,302001,9523456784,rahul.singh@gmail.com,2025-04-08,NULL
56,Priya,deepa,Nair,106,"606,beach road",Trivandrum,KL,India,695001,9623456785,priya.nair@gmail.com,2025-04-08,NULL
57,Ajay,krishna,Das,107,"707,circular road",Kolkata,WB,India,700001,9723456786,ajay.das@gmail.com,2025-04-08,NULL
58,Swathi,vidya,Rao,108,"808,railway road",Vizag,AP,India,530001,9823456787,swathi.rao@gmail.com,2025-04-08,NULL
59,Ramesh,babu,Naik,109,"909,old street",Chennai,TN,India,600001,9923456788,ramesh.naik@gmail.com,2025-04-08,NULL
60,Pooja,madhavi,Joshi,110,"110,new street",Delhi,DL,India,110001,9023456789,pooja.joshi@gmail.com,2025-04-08,NULL
61,Vikas,santosh,Pandey,111,"111,mount road",Indore,MP,India,452001,9123456790,vikas.pandey@gmail.com,2025-04-08,NULL
62,Shreya,sneha,Bose,112,"112,central road",Bhopal,MP,India,462001,9223456791,shreya.bose@gmail.com,2025-04-08,NULL
63,Naveen,NULL,Gupta,113,"113,racecourse road",Surat,GJ,India,395001,9323456792,naveen.gupta@gmail.com,2025-04-08,NULL
64,Aditi,rupa,Reddy,114,"114,jubliee road",Warangal,TS,India,506001,9423456793,aditi.reddy@gmail.com,2025-04-08,NULL
65,Manoj,kumar,Bhatia,115,"115,ring road",Ranchi,JH,India,834001,9523456794,manoj.bhatia@gmail.com,2025-04-08,NULL
66,Snehal,nisha,Paul,116,"116,garden road",Guwahati,AS,India,781001,9623456795,snehal.paul@gmail.com,2025-04-08,NULL
67,Arun,rajesh,Varma,117,"117,forest road",Nagpur,MH,India,440001,9723456796,arun.varma@gmail.com,2025-04-08,NULL
68,Sanjana,megha,Roy,118,"118,lake road",Patna,BR,India,800001,9823456797,sanjana.roy@gmail.com,2025-04-08,NULL
69,Rohit,kumar,Jain,119,"119,river road",Lucknow,UP,India,226001,9923456798,rohit.jain@gmail.com,2025-04-08,NULL
70,Ananya,preeti,Mishra,120,"120,hill road",Kanpur,UP,India,208001,9023456799,ananya.mishra@gmail.com,2025-04-08,NULL
71,Hari,om,Khan,121,"121,valley road",Dehradun,UK,India,248001,9123456701,hari.khan@gmail.com,2025-04-08,NULL
72,Gayathri,latha,Shah,122,"122,cloud road",Shimla,HP,India,171001,9223456702,gayathri.shah@gmail.com,2025-04-08,NULL
73,Deepak,nilesh,Kapoor,123,"123,city road",Mumbai,MH,India,400001,9323456703,deepak.kapoor@gmail.com,2025-04-08,NULL
74,Bhavana,rashmi,Iyer,124,"124,sunset road",Pondicherry,PY,India,605001,9423456704,bhavana.iyer@gmail.com,2025-04-08,NULL
75,Vivek,suresh,Tripathi,125,"125,sunrise road",Agra,UP,India,282001,9523456705,vivek.tripathi@gmail.com,2025-04-08,NULL
76,Asha,siri,Murthy,126,"126,moonlight road",Mysore,KA,India,570001,9623456706,asha.murthy@gmail.com,2025-04-08,NULL
77,Akash,ravi,Agarwal,127,"127,star road",Nashik,MH,India,422001,9723456707,akash.agarwal@gmail.com,2025-04-08,NULL
78,Meera,nalini,Desai,128,"128,starlight road",Dharwad,KA,India,580001,9823456708,meera.desai@gmail.com,2025-04-08,NULL
79,Rajesh,ram,Venkatesh,129,"129,palm road",Hubbali,KA,India,580032,9923456709,rajesh.venkatesh@gmail.com,2025-04-08,NULL
80,Vidya,kruthi,Chatterjee,130,"130,mango road",Siliguri,WB,India,734001,9023456710,vidya.chatterjee@gmail.com,2025-04-08,NULL
81,Aditya,sunil,Chauhan,131,"131,coconut road",Shillong,ML,India,793001,9123456711,aditya.chauhan@gmail.com,2025-04-08,NULL
82,Lekha,deepa,Nambiar,132,"132,banana road",Aizawl,MZ,India,796001,9223456712,lekha.nambiar@gmail.com,2025-04-08,NULL
83,Tarun,vivek,Sharma,133,"133,peach road",Kohima,NL,India,797001,9323456713,tarun.sharma@gmail.com,2025-04-08,NULL
84,Ritika,manju,Yadav,134,"134,pear road",Imphal,MN,India,795001,9423456714,ritika.yadav@gmail.com,2025-04-08,NULL
85,Kiran,raj,Patil,135,"135,pineapple road",Panaji,GA,India,403001,9523456715,kiran.patil@gmail.com,2025-04-08,NULL
86,Vani,subha,Chandra,136,"136,orange road",Srinagar,JK,India,190001,9623456716,vani.chandra@gmail.com,2025-04-08,NULL
87,Mohan,vishal,Naidu,137,"137,apple road",Jammu,JK,India,180001,9723456717,mohan.naidu@gmail.com,2025-04-08,NULL
88,Sheetal,priya,Shetty,138,"138,grape road",Amritsar,PB,India,143001,9823456718,sheetal.shetty@gmail.com,2025-04-08,NULL
89,Suraj,sanjay,Rathore,139,"139,berry road",Chandigarh,CH,India,160001,9923456719,suraj.rathore@gmail.com,2025-04-08,NULL
90,Shilpa,rama,Mohanty,140,"140,plum road",Bhubaneshwar,OD,India,751001,9023456720,shilpa.mohanty@gmail.com,2025-04-08,NULL
91,Nikhil,karthik,Mehta,141,"141,jackfruit road",Cuttack,OD,India,753001,9123456721,nikhil.mehta@gmail.com,2025-04-08,NULL
92,Divya,krupa,Ram,142,"142,fig road",Jabalpur,MP,India,482002,9223456722,divya.ram@gmail.com,2025-04-08,NULL
93,Karthik,rakesh,Ghosh,143,"143,dates road",Bareilly,UP,India,243001,9323456723,karthik.ghosh@gmail.com,2025-04-08,NULL
94,Lakshmi,rekha,Batra,144,"144,olive road",Varanasi,UP,India,221001,9423456724,lakshmi.batra@gmail.com,2025-04-08,NULL
95,Raj,arun,Swamy,145,"145,pomegranate road",Ujjain,MP,India,456001,9523456725,raj.swamy@gmail.com,2025-04-08,NULL
96,Niveditha,sindhu,Dasgupta,146,"146,lemon road",Ajmer,RJ,India,305001,9623456726,niveditha.dasgupta@gmail.com,2025-04-08,NULL
97,Tejas,anil,Chakraborty,147,"147,lime road",Gwalior,MP,India,474001,9723456727,tejas.chakraborty@gmail.com,2025-04-08,NULL
98,Akshay,siddharth,Rao,148,"148,pearl road",Meerut,UP,India,250001,9823456728,akshay.rao@gmail.com,2025-04-08,NULL
99,Pallavi,anusha,Khurana,149,"149,emerald road",Bikaner,RJ,India,334001,9923456729,pallavi.khurana@gmail.com,2025-04-08,NULL
100,Nandini,avni,Dutta,150,"150,garnet road",Rajkot,GJ,India,360001,9023456730,nandini.dutta@gmail.com,2025-04-08,NULL
